{
	"name": "3D Animation Controller",
	"id": "bb90d0ec-e437-3878-fd4f-93447bd646b5",
	"inputs": [
		{
			"name": "Play",
			"type": "Pulse",
			"item_type": "",
			"description": "Play the animation",
			"displayType": "Exec"
		},
		{
			"name": "Stop",
			"type": "Pulse",
			"item_type": "",
			"description": "Stop the animation playback",
			"displayType": "Exec"
		},
		{
			"name": "Animation",
			"type": "Animator",
			"item_type": "",
			"description": "The animation to be controlled",
			"displayType": "Animator"
		},
		{
			"name": "Which Clip",
			"type": "Int",
			"item_type": "",
			"default_value": "0",
			"description": "The index of the animation. The animation is always played from index 0.",
			"displayType": "Number"
		},
		{
			"name": "Loop Time",
			"type": "Int",
			"item_type": "",
			"default_value": "1",
			"description": "The number of times of playing the animation. -1 is for infinite loop.",
			"displayType": "Number"
		},
		{
			"name": "Stop on Last Frame",
			"type": "Bool",
			"item_type": "",
			"default_value": "0",
			"description": "Whether to stop the animation on its last frame. True is for stop.",
			"displayType": "Boolean"
		}
	],
	"outputs": [
		{
			"name": "Exit",
			"type": "Pulse",
			"item_type": "",
			"description": "Execute the next node",
			"displayType": "Exec"
		},
		{
			"name": "On Play",
			"type": "Pulse",
			"item_type": "",
			"description": "Execute the next node when the animation playback starts",
			"displayType": "Exec"
		},
		{
			"name": "On Stop",
			"type": "Pulse",
			"item_type": "",
			"description": "Execute the next node when the animation playback stops",
			"displayType": "Exec"
		},
		{
			"name": "On Finish",
			"type": "Pulse",
			"item_type": "",
			"description": "Execute the next node when the animation finishes playing",
			"displayType": "Exec"
		}
	],
	"scriptSupport": "js",
	"js": "CGAnimatorController.js",
	"version": "1.0",
	"amazingVersion": "10.40.0",
	"nodeEvent": [
		"beforeStart",
		"onCallBack",
		"onDestroy",
		"onLateUpdate"
	],
	"category": "Utility",
	"description": "Control the 3D animation playback state.",
	"productTypes": [
		"InHouse",
		"Domestic",
		"TTEH"
	],
	"TTEHVer": "2.0.0"
}
